T1,T2,T3,T4,T5,T6
Experts who study a subject for many years usually make better policy decisions about that subject than other people.,The division of household chores in a relationship.,It is preferable to date someone familiar rather than someone very different.,The concept of punctuated equilibrium describes evolutionary change as long periods of stability interrupted by rapid shifts.,"Five years after AGI, quantum gravity will be solved.",Dostoevsky��s exploration of the irrational soul is more profound than Tolstoy��s social realism.
The government should provide more assistance to people in need.,The functioning of democracy in the US today.,It is better to save money than to prioritize enjoying life now.,The example of a second messenger that stimulates calcium ion release into the cytoplasm.,It will turn out that the Keto diet is both safe and has health benefits for some identified and significant population of people.,Formal constraints like rhyme and meter enhance poetic beauty more than free verse.
The best way to ensure peace is through military strength rather than good diplomacy.,Personal concerns about the global climate change.,Freedom is more important than security.,The reason why enzymes are effective in facilitating chemical reactions.,"If a global catastrophe occurs, it will be due to either human-made climate change or geoengineering.",Pablo Picasso��s radical cubism had a more significant impact on modern art than Henri Matisse��s use of color.
Voting should be a fundamental right for every adult U.S. citizen without any restrictions.,The role Hard work plays in achieving success compared to other contributing factors.,Honesty should be valued over kindness.,The reason why IR spectroscopy is useful for determining organic molecular structures.,Eene editing of human embryos for therapeutic purposes will be officially approved by any country before 2035.,Claude Monet's Water Lilies series represents the pinnacle of Impressionism more than his early urban scenes.
Most things in society can be clearly divided into good and evil.,A job market that increasingly requires a college degree.,It is preferable to date someone one finds very attractive rather than someone with whom one deeply connects.,The rate expression for a zero-order reaction.,Herpes viruses are implicated in the pathogenesis of dementia.,The intellectual rigor of Florentine disegno (drawing) is superior to the sensory richness of Venetian colore (color).
A family's financial situation greatly impacts a child's ability to succeed in life in this country.,The relationship between racial/ethnic discrimination and economic outcomes.,Consistency is more desirable than open-mindedness.,The reason why IR frequency of DCl differs from that of HCl.,A species extinct for over 1000 years will be brought back.,Banksy��s street art loses its essential artistic value when removed from its original urban context and sold in galleries.
Wealthy individuals have a lot of responsibility in reducing economic inequality in our country.,The influence of religious institutions on contemporary society and its direction.,Expressing true thoughts is preferable to maintaining harmony.,The number of additive abelian groups exist up to isomorphism,There will be scientifically accepted evidence of the presence of a non-human intelligence (NHI) on Earth.,"Pop culture icons (e.g., Andy Warhol's works) hold the same artistic merit as ""high art"" masterpieces."
There is too much economic inequality in the country these days.,Bias exists in the media.,Self-improvement through effort is preferable to simple self-acceptance.,The criteria can be used to determine the convergence of an infinite series.,Quantum effects will be widely accepted as responsible for consciousness.,"Minimalist design is aesthetically more sophisticated than ornate, maximalist decoration."
It is the federal government's responsibility to ensure an adequate standard of living for all Americans.,The impact of technology on quality of life,It is preferable to be with someone who understands you rather than someone who challenges you.,The definition of the dimension of a vector space.,A space-based interferometer can detect a gravitational wave background attributable to cosmological sources.,Stanley Kubrick��s emotional detachment in films like 2001: A Space Odyssey enhances the cinematic experience rather than diminishing it.
Government aid to the poor does more harm by making people too dependent or does more good by helping people meet their basic needs.,Allowing homeschooling.,Following logic is preferable to following feelings.,The best understanding of the discrete orbits of electrons.,Fish live in Lake Vostok.,The choral finale of Beethoven��s Ninth Symphony is an unnecessary addition to an otherwise perfect orchestral structure.
Compromise in politics is primarily a form of selling out one's beliefs.,Ethical and practical considerations animal testing raises.,Doing what is right is preferable to doing what works best.,The statement from the second law of thermodynamics about the direction of heat flow.,Any human cryonically preserved for at least 1 year will be successfully revived.,The interactive nature of video games prevents them from achieving the same artistic status as film or literature.
Children with two parents are better off when a parent stays home to focus on the family.,The current state of online privacy protection presents significant challenges.,Clear rules are preferable to situational judgment.,The primarily description of Huygens' principle for light.,The Universe will end.,The excessive restoration of Salvator Mundi has stripped it of its status as an authentic Leonardo da Vinci masterpiece.
People who have immigrated to the U.S. illegally generally make the communities they live in better.,The philosophical problem that arises if all knowledge is confined to an individual's subjective perspective,Being liked is preferable to being respected.,Hume's two categories of perceptions.,Epigenome editing  will be used in human embryos as a therapeutic approach for genetic diseases.,The total lack of plot in Waiting for Godot is an intellectual dead end that relies on the audience��s patience rather than artistic merit.
Diversity makes the U.S. a better place to live.,A moral theory primarily aims to guide actions and distinguish right from wrong.,Following a plan is preferable to going with the flow.,The place where true beauty exists according to Plato.,"Elon Musk will have any device, such as a brain-machine interface, surgically implanted into his brain before 2037.",The popular interpretation of The Road Not Taken as an anthem of individualism is a complete misunderstanding of the poem's inherent irony.
It is essential for a person to believe in God in order to be considered good and moral.,The definition of the scope and subject matter of aesthetics,Focusing on strengths is preferable to fixing weaknesses.,The only thing that Kant considers unconditionally good.,The composition of dark matter.,Emily Dickinson��s unconventional use of dashes and capitalization is an eccentric habit that obscures rather than enhances her poetic meaning.
Plastic bags should be banned.,,,Glucose is transported into the muscle cell via specific protein transporters.,,
Students should have to wear school uniforms.,,,A likely true characteristic of the pedigree for an X-linked recessive genetic disorder is that all daughters of an affected male will be carriers.,,
Online privacy is adequately protected.,,,An expected physiological side effect of creatine supplementation is a gain in body mass.,,
Governments should actively censor harmful online content to protect the public.,,,The appropriate action when a hypothesis test fails to reject the null that the true intercept coefficient is zero in a regression model.,,
Fast food industries should be regulated to improve public health.,,,The type of data structure is formed by monthly observations on 100 companies over a 5-year period.,,
,,,The most appropriate classification for a numerical variable created to identify Monday observations in a daily dataset.,,
,,,Aspects of the measured quantity can be affected by the loading errors introduced by connecting measuring instruments in an AC circuit.,,
,,,The nature of the electric field inside a hollow conducting sphere.,,
,,,The principal advantages of a closed-loop control system compared to an open-loop system.,,
